{
  "tasks": [
    "ceo_lastname",
    "employees_count_total",
    "headquarters_city",
    "headquarters_state",
    "holder_record_amount",
    "incorporation_state",
    "incorporation_year",
    "registrant_name"
  ],
  "top_k": {
    "8": [
      [
        1.0,
        0.45454545454545453,
        0.6,
        0.6,
        0.45454545454545453,
        0.45454545454545453,
        0.45454545454545453,
        0.3333333333333333
      ],
      [
        0.45454545454545453,
        1.0,
        0.6,
        0.6,
        0.3333333333333333,
        0.45454545454545453,
        0.6,
        0.3333333333333333
      ],
      [
        0.6,
        0.6,
        1.0,
        0.7777777777777778,
        0.45454545454545453,
        0.7777777777777778,
        0.7777777777777778,
        0.45454545454545453
      ],
      [
        0.6,
        0.6,
        0.7777777777777778,
        1.0,
        0.45454545454545453,
        0.6,
        0.6,
        0.6
      ],
      [
        0.45454545454545453,
        0.3333333333333333,
        0.45454545454545453,
        0.45454545454545453,
        1.0,
        0.3333333333333333,
        0.3333333333333333,
        0.23076923076923078
      ],
      [
        0.45454545454545453,
        0.45454545454545453,
        0.7777777777777778,
        0.6,
        0.3333333333333333,
        1.0,
        0.7777777777777778,
        0.6
      ],
      [
        0.45454545454545453,
        0.6,
        0.7777777777777778,
        0.6,
        0.3333333333333333,
        0.7777777777777778,
        1.0,
        0.45454545454545453
      ],
      [
        0.3333333333333333,
        0.3333333333333333,
        0.45454545454545453,
        0.6,
        0.23076923076923078,
        0.6,
        0.45454545454545453,
        1.0
      ]
    ],
    "16": [
      [
        1.0,
        0.28,
        0.391304347826087,
        0.391304347826087,
        0.391304347826087,
        0.5238095238095238,
        0.45454545454545453,
        0.45454545454545453
      ],
      [
        0.28,
        1.0,
        0.45454545454545453,
        0.5238095238095238,
        0.3333333333333333,
        0.5238095238095238,
        0.45454545454545453,
        0.391304347826087
      ],
      [
        0.391304347826087,
        0.45454545454545453,
        1.0,
        0.8823529411764706,
        0.45454545454545453,
        0.7777777777777778,
        0.7777777777777778,
        0.6842105263157895
      ],
      [
        0.391304347826087,
        0.5238095238095238,
        0.8823529411764706,
        1.0,
        0.391304347826087,
        0.7777777777777778,
        0.7777777777777778,
        0.6842105263157895
      ],
      [
        0.391304347826087,
        0.3333333333333333,
        0.45454545454545453,
        0.391304347826087,
        1.0,
        0.391304347826087,
        0.391304347826087,
        0.45454545454545453
      ],
      [
        0.5238095238095238,
        0.5238095238095238,
        0.7777777777777778,
        0.7777777777777778,
        0.391304347826087,
        1.0,
        0.8823529411764706,
        0.6
      ],
      [
        0.45454545454545453,
        0.45454545454545453,
        0.7777777777777778,
        0.7777777777777778,
        0.391304347826087,
        0.8823529411764706,
        1.0,
        0.6
      ],
      [
        0.45454545454545453,
        0.391304347826087,
        0.6842105263157895,
        0.6842105263157895,
        0.45454545454545453,
        0.6,
        0.6,
        1.0
      ]
    ],
    "32": [
      [
        1.0,
        0.6,
        0.4883720930232558,
        0.4883720930232558,
        0.4222222222222222,
        0.4883720930232558,
        0.45454545454545453,
        0.4222222222222222
      ],
      [
        0.6,
        1.0,
        0.5238095238095238,
        0.5238095238095238,
        0.5238095238095238,
        0.6410256410256411,
        0.6410256410256411,
        0.391304347826087
      ],
      [
        0.4883720930232558,
        0.5238095238095238,
        1.0,
        1.0,
        0.5238095238095238,
        0.6842105263157895,
        0.6410256410256411,
        0.6410256410256411
      ],
      [
        0.4883720930232558,
        0.5238095238095238,
        1.0,
        1.0,
        0.5238095238095238,
        0.6842105263157895,
        0.6410256410256411,
        0.6410256410256411
      ],
      [
        0.4222222222222222,
        0.5238095238095238,
        0.5238095238095238,
        0.5238095238095238,
        1.0,
        0.5238095238095238,
        0.4883720930232558,
        0.4222222222222222
      ],
      [
        0.4883720930232558,
        0.6410256410256411,
        0.6842105263157895,
        0.6842105263157895,
        0.5238095238095238,
        1.0,
        0.7777777777777778,
        0.5238095238095238
      ],
      [
        0.45454545454545453,
        0.6410256410256411,
        0.6410256410256411,
        0.6410256410256411,
        0.4883720930232558,
        0.7777777777777778,
        1.0,
        0.4883720930232558
      ],
      [
        0.4222222222222222,
        0.391304347826087,
        0.6410256410256411,
        0.6410256410256411,
        0.4222222222222222,
        0.5238095238095238,
        0.4883720930232558,
        1.0
      ]
    ],
    "48": [
      [
        1.0,
        0.5737704918032787,
        0.47692307692307695,
        0.5,
        0.5483870967741935,
        0.45454545454545453,
        0.45454545454545453,
        0.5483870967741935
      ],
      [
        0.5737704918032787,
        1.0,
        0.5,
        0.5483870967741935,
        0.5238095238095238,
        0.5737704918032787,
        0.5737704918032787,
        0.391304347826087
      ],
      [
        0.47692307692307695,
        0.5,
        1.0,
        0.92,
        0.6,
        0.6551724137931034,
        0.6271186440677966,
        0.5483870967741935
      ],
      [
        0.5,
        0.5483870967741935,
        0.92,
        1.0,
        0.6271186440677966,
        0.6842105263157895,
        0.6551724137931034,
        0.5238095238095238
      ],
      [
        0.5483870967741935,
        0.5238095238095238,
        0.6,
        0.6271186440677966,
        1.0,
        0.6551724137931034,
        0.6271186440677966,
        0.43283582089552236
      ],
      [
        0.45454545454545453,
        0.5737704918032787,
        0.6551724137931034,
        0.6842105263157895,
        0.6551724137931034,
        1.0,
        0.9591836734693877,
        0.45454545454545453
      ],
      [
        0.45454545454545453,
        0.5737704918032787,
        0.6271186440677966,
        0.6551724137931034,
        0.6271186440677966,
        0.9591836734693877,
        1.0,
        0.43283582089552236
      ],
      [
        0.5483870967741935,
        0.391304347826087,
        0.5483870967741935,
        0.5238095238095238,
        0.43283582089552236,
        0.45454545454545453,
        0.43283582089552236,
        1.0
      ]
    ],