{
  "tasks": [
    "ceo_lastname",
    "employees_count_total",
    "headquarters_city",
    "headquarters_state",
    "holder_record_amount",
    "incorporation_state",
    "incorporation_year",
    "registrant_name"
  ],
  "top_k": {
    "8": [
      [
        1.0,
        0.23076923076923078,
        0.23076923076923078,
        0.23076923076923078,
        0.23076923076923078,
        0.14285714285714285,
        0.14285714285714285,
        0.14285714285714285
      ],
      [
        0.23076923076923078,
        1.0,
        0.7777777777777778,
        0.6,
        0.45454545454545453,
        0.6,
        0.6,
        0.6
      ],
      [
        0.23076923076923078,
        0.7777777777777778,
        1.0,
        0.6,
        0.45454545454545453,
        0.45454545454545453,
        0.45454545454545453,
        0.45454545454545453
      ],
      [
        0.23076923076923078,
        0.6,
        0.6,
        1.0,
        0.23076923076923078,
        0.6,
        0.6,
        0.6
      ],
      [
        0.23076923076923078,
        0.45454545454545453,
        0.45454545454545453,
        0.23076923076923078,
        1.0,
        0.3333333333333333,
        0.3333333333333333,
        0.23076923076923078
      ],
      [
        0.14285714285714285,
        0.6,
        0.45454545454545453,
        0.6,
        0.3333333333333333,
        1.0,
        1.0,
        0.7777777777777778
      ],
      [
        0.14285714285714285,
        0.6,
        0.45454545454545453,
        0.6,
        0.3333333333333333,
        1.0,
        1.0,
        0.7777777777777778
      ],
      [
        0.14285714285714285,
        0.6,
        0.45454545454545453,
        0.6,
        0.23076923076923078,
        0.7777777777777778,
        0.7777777777777778,
        1.0
      ]
    ],
    "16": [
      [
        1.0,
        0.28,
        0.28,
        0.3333333333333333,
        0.28,
        0.23076923076923078,
        0.23076923076923078,
        0.14285714285714285
      ],
      [
        0.28,
        1.0,
        0.5238095238095238,
        0.5238095238095238,
        0.45454545454545453,
        0.391304347826087,
        0.5238095238095238,
        0.391304347826087
      ],
      [
        0.28,
        0.5238095238095238,
        1.0,
        0.8823529411764706,
        0.5238095238095238,
        0.6842105263157895,
        0.8823529411764706,
        0.5238095238095238
      ],
      [
        0.3333333333333333,
        0.5238095238095238,
        0.8823529411764706,
        1.0,
        0.5238095238095238,
        0.6,
        0.7777777777777778,
        0.5238095238095238
      ],
      [
        0.28,
        0.45454545454545453,
        0.5238095238095238,
        0.5238095238095238,
        1.0,
        0.5238095238095238,
        0.5238095238095238,
        0.28
      ],
      [
        0.23076923076923078,
        0.391304347826087,
        0.6842105263157895,
        0.6,
        0.5238095238095238,
        1.0,
        0.7777777777777778,
        0.3333333333333333
      ],
      [
        0.23076923076923078,
        0.5238095238095238,
        0.8823529411764706,
        0.7777777777777778,
        0.5238095238095238,
        0.7777777777777778,
        1.0,
        0.45454545454545453
      ],
      [
        0.14285714285714285,
        0.391304347826087,
        0.5238095238095238,
        0.5238095238095238,
        0.28,
        0.3333333333333333,
        0.45454545454545453,
        1.0
      ]
    ],
    "32": [
      [
        1.0,
        0.3333333333333333,
        0.28,
        0.2549019607843137,
        0.4222222222222222,
        0.23076923076923078,
        0.23076923076923078,
        0.28
      ],
      [
        0.3333333333333333,
        1.0,
        0.45454545454545453,
        0.391304347826087,
        0.4222222222222222,
        0.3617021276595745,
        0.391304347826087,
        0.3617021276595745
      ],
      [
        0.28,
        0.45454545454545453,
        1.0,
        0.7777777777777778,
        0.391304347826087,
        0.5238095238095238,
        0.5238095238095238,
        0.6410256410256411
      ],
      [
        0.2549019607843137,
        0.391304347826087,
        0.7777777777777778,
        1.0,
        0.4222222222222222,
        0.6,
        0.5609756097560976,
        0.6410256410256411
      ],
      [
        0.4222222222222222,
        0.4222222222222222,
        0.391304347826087,
        0.4222222222222222,
        1.0,
        0.45454545454545453,
        0.4222222222222222,
        0.391304347826087
      ],
      [
        0.23076923076923078,
        0.3617021276595745,
        0.5238095238095238,
        0.6,
        0.45454545454545453,
        1.0,
        0.7777777777777778,
        0.45454545454545453
      ],
      [
        0.23076923076923078,
        0.391304347826087,
        0.5238095238095238,
        0.5609756097560976,
        0.4222222222222222,
        0.7777777777777778,
        1.0,
        0.45454545454545453
      ],
      [
        0.28,
        0.3617021276595745,
        0.6410256410256411,
        0.6410256410256411,
        0.391304347826087,
        0.45454545454545453,
        0.45454545454545453,
        1.0
      ]
    ],
    "48": [
      [
        1.0,
        0.37142857142857144,
        0.2972972972972973,
        0.2972972972972973,
        0.4117647058823529,
        0.24675324675324675,
        0.2631578947368421,
        0.3150684931506849
      ],
      [
        0.37142857142857144,
        1.0,
        0.5238095238095238,
        0.5,
        0.4117647058823529,
        0.4117647058823529,
        0.43283582089552236,
        0.5
      ],
      [
        0.2972972972972973,
        0.5238095238095238,
        1.0,
        0.8823529411764706,
        0.4117647058823529,
        0.5483870967741935,
        0.5737704918032787,
        0.6
      ],
      [
        0.2972972972972973,
        0.5,
        0.8823529411764706,
        1.0,
        0.4117647058823529,
        0.5483870967741935,
        0.6,
        0.6
      ],
      [
        0.4117647058823529,
        0.4117647058823529,
        0.4117647058823529,
        0.4117647058823529,
        1.0,
        0.4117647058823529,
        0.4117647058823529,
        0.37142857142857144
      ],
      [
        0.24675324675324675,
        0.4117647058823529,
        0.5483870967741935,
        0.5483870967741935,
        0.4117647058823529,
        1.0,
        0.8113207547169812,
        0.47692307692307695
      ],
      [
        0.2631578947368421,
        0.43283582089552236,
        0.5737704918032787,
        0.6,
        0.4117647058823529,
        0.8113207547169812,
        1.0,
        0.5483870967741935
      ],
      [
        0.3150684931506849,
        0.5,
        0.6,
        0.6,
        0.37142857142857144,
        0.47692307692307695,
        0.5483870967741935,
        1.0
      ]
    ],